ID,Name,StudyHours,Attendance,Marks,Grade,Result,Performance_Score
1,Student_1,4.4,96,59.5,D,Pass,63.7
2,Student_2,9.6,61,60.0,C,Pass,67.4
3,Student_3,7.6,65,80.2,B,Pass,76.32
4,Student_4,6.4,73,99.6,A,Pass,87.15999999999998
5,Student_5,2.4,68,79.7,B,Pass,66.22
6,Student_6,2.4,57,73.5,C,Pass,60.3
7,Student_7,1.5,80,83.8,B,Pass,69.28
8,Student_8,8.8,70,67.9,C,Pass,72.34
9,Student_9,6.4,66,43.6,D,Pass,52.16
10,Student_10,7.4,72,73.7,C,Pass,73.42
11,Student_11,1.2,86,97.5,A,Pass,78.10000000000001
12,Student_12,9.7,65,50.5,D,Pass,62.699999999999996
13,Student_13,8.5,55,69.99137749737118,C,Pass,69.9948264984227
14,Student_14,2.9,57,52.1,D,Pass,48.459999999999994
15,Student_15,2.6,74,72.1,C,Pass,63.260000000000005
16,Student_16,2.7,67,45.8,D,Pass,46.279999999999994
17,Student_17,3.7,74,67.0,C,Pass,62.4
18,Student_18,5.7,61,85.4,B,Pass,74.84
19,Student_19,4.9,64,60.9,C,Pass,59.14
20,Student_20,3.6,75,79.9,B,Pass,70.14
21,Student_21,6.5,90,87.7,B,Pass,83.62
22,Student_22,2.3,94,95.6,A,Pass,80.75999999999999
23,Student_23,3.6,75,69.99137749737118,C,Pass,64.1948264984227
24,Student_24,4.3,96,64.0,C,Pass,66.2
25,Student_25,5.1,81,49.1,D,Pass,55.86
26,Student_26,8.1,59,99.5,A,Pass,87.7
27,Student_27,2.8,65,95.6,A,Pass,75.95999999999998
28,Student_28,5.6,56,72.4,C,Pass,65.84
29,Student_29,6.3,66,90.5,A,Pass,80.1
30,Student_30,1.4,72,71.3,C,Pass,59.97999999999999
31,Student_31,6.5,75,77.4,B,Pass,74.44
32,Student_32,2.5,70,45.3,D,Pass,46.17999999999999
33,Student_33,1.6,71,85.3,B,Pass,68.58
34,Student_34,9.5,56,47.7,D,Pass,58.82
35,Student_35,9.7,63,89.6,B,Pass,85.75999999999999
36,Student_36,8.3,64,86.9,B,Pass,81.53999999999999
37,Student_37,3.7,56,82.5,B,Pass,68.10000000000001
38,Student_38,1.9,58,42.2,D,Pass,40.72
39,Student_39,7.2,100,58.2,D,Pass,69.32000000000001
40,Student_40,5.0,97,55.8,D,Pass,62.879999999999995
41,Student_41,2.1,57,61.6,C,Pass,52.56
42,Student_42,5.5,99,45.3,D,Pass,57.98
43,Student_43,1.3,72,96.2,A,Pass,74.72
44,Student_44,9.2,78,73.2,C,Pass,77.92
45,Student_45,3.3,67,58.3,D,Pass,54.98
46,Student_46,7.0,80,63.8,C,Pass,68.28
47,Student_47,3.8,79,66.8,C,Pass,63.48
48,Student_48,5.7,88,76.0,B,Pass,74.60000000000001
49,Student_49,5.9,84,70.9,C,Pass,71.14
50,Student_50,2.7,67,95.2,A,Pass,75.92
51,Student_51,9.7,91,69.8,C,Pass,79.47999999999999
52,Student_52,8.0,88,99.5,A,Pass,93.3
53,Student_53,9.5,66,91.1,A,Pass,86.86
54,Student_54,9.1,63,52.5,D,Pass,62.3
55,Student_55,6.4,80,95.8,A,Pass,86.27999999999999
56,Student_56,9.3,73,47.0,D,Pass,61.4
57,Student_57,1.8,84,89.0,B,Pass,73.8
58,Student_58,2.8,93,62.8,C,Pass,61.88
59,Student_59,1.4,94,92.7,A,Pass,77.22
60,Student_60,3.9,83,92.1,A,Pass,79.66
61,Student_61,4.5,52,88.4,B,Pass,72.44
62,Student_62,3.4,86,87.4,B,Pass,76.44
63,Student_63,8.5,92,58.3,D,Pass,70.38
64,Student_64,4.2,89,44.9,D,Pass,53.13999999999999
65,Student_65,3.5,75,64.2,C,Pass,60.52
66,Student_66,5.9,72,50.4,D,Pass,56.44
67,Student_67,2.3,93,81.7,B,Pass,72.22
68,Student_68,8.2,88,60.8,C,Pass,70.47999999999999
69,Student_69,1.7,64,98.5,A,Pass,75.3
70,Student_70,9.9,98,78.5,B,Pass,86.5
71,Student_71,8.0,53,89.3,B,Pass,80.18
72,Student_72,2.8,78,48.0,D,Pass,50.0
73,Student_73,1.0,71,91.7,A,Pass,71.22
74,Student_74,8.3,74,95.4,A,Pass,88.64000000000001
75,Student_75,7.4,62,69.2,C,Pass,68.72
76,Student_76,7.6,67,76.4,B,Pass,74.44
77,Student_77,7.9,82,85.9,B,Pass,83.74
78,Student_78,1.7,65,50.5,D,Pass,46.699999999999996
79,Student_79,4.2,94,70.2,C,Pass,69.32000000000001
80,Student_80,2.0,91,63.9,C,Pass,60.53999999999999
81,Student_81,8.8,93,48.8,D,Pass,65.47999999999999
82,Student_82,6.6,51,62.1,C,Pass,60.66
83,Student_83,4.0,84,69.99137749737118,C,Pass,66.79482649842271
84,Student_84,1.6,91,41.5,D,Pass,46.3
85,Student_85,3.8,83,48.1,D,Pass,53.06
86,Student_86,3.9,79,97.8,A,Pass,82.27999999999999
87,Student_87,7.6,62,73.0,C,Pass,71.39999999999999
88,Student_88,6.7,62,97.9,A,Pass,84.54
89,Student_89,9.0,67,65.9,C,Pass,70.94
90,Student_90,5.2,81,58.7,D,Pass,61.82
91,Student_91,2.1,81,70.4,C,Pass,62.64
92,Student_92,7.4,84,66.4,C,Pass,71.44
93,Student_93,7.8,88,46.3,D,Pass,60.98
94,Student_94,6.1,95,78.4,B,Pass,78.24
95,Student_95,7.9,78,53.0,D,Pass,63.2
96,Student_96,5.4,98,77.2,B,Pass,76.72
97,Student_97,5.7,78,79.0,B,Pass,74.4
98,Student_98,4.8,93,49.1,D,Pass,57.660000000000004
99,Student_99,1.2,65,43.7,D,Pass,41.62
100,Student_100,2.0,93,86.8,B,Pass,74.68
101,Student_101,1.3,96,69.99137749737118,C,Pass,63.79482649842271
102,Student_102,6.7,59,43.5,D,Pass,51.3
103,Student_103,3.8,79,99.7,A,Pass,83.22
104,Student_104,5.6,74,43.5,D,Pass,52.099999999999994
105,Student_105,9.2,88,81.7,B,Pass,85.02000000000001
106,Student_106,3.2,69,99.0,A,Pass,79.60000000000001
107,Student_107,4.7,54,54.4,D,Pass,52.839999999999996
108,Student_108,7.8,50,48.5,D,Pass,54.699999999999996
109,Student_109,3.1,79,47.3,D,Pass,50.38
110,Student_110,1.7,98,58.2,D,Pass,57.92
111,Student_111,3.6,52,46.1,D,Pass,45.260000000000005
112,Student_112,2.5,94,81.5,B,Pass,72.7
113,Student_113,9.4,63,43.7,D,Pass,57.620000000000005
114,Student_114,8.3,79,70.6,C,Pass,74.75999999999999
115,Student_115,6.7,99,99.8,A,Pass,93.08
116,Student_116,8.8,53,88.8,B,Pass,81.47999999999999
117,Student_117,8.2,67,76.9,B,Pass,75.94
118,Student_118,2.7,86,58.4,D,Pass,57.63999999999999
119,Student_119,9.0,74,77.4,B,Pass,79.24000000000001
120,Student_120,5.9,97,71.6,C,Pass,74.16
121,Student_121,8.3,50,65.6,C,Pass,65.96
122,Student_122,9.1,95,47.8,D,Pass,65.88
123,Student_123,3.9,64,93.2,A,Pass,76.52
124,Student_124,2.0,58,67.0,C,Pass,55.8
125,Student_125,3.1,64,51.7,D,Pass,50.02
126,Student_126,4.8,98,62.1,C,Pass,66.46
127,Student_127,8.4,73,64.8,C,Pass,70.28
128,Student_128,8.7,53,89.7,B,Pass,81.82
129,Student_129,1.1,61,84.0,B,Pass,64.8
130,Student_130,5.6,86,86.2,B,Pass,80.12
131,Student_131,4.8,86,40.7,D,Pass,51.220000000000006
132,Student_132,3.0,92,65.0,C,Pass,63.400000000000006
133,Student_133,2.1,55,68.9,C,Pass,56.540000000000006
134,Student_134,4.0,88,41.2,D,Pass,50.32000000000001
135,Student_135,9.5,95,55.6,D,Pass,71.36
136,Student_136,3.9,73,85.6,B,Pass,73.75999999999999
137,Student_137,5.7,60,69.99137749737118,C,Pass,65.3948264984227
138,Student_138,7.3,62,72.1,C,Pass,70.25999999999999
139,Student_139,4.3,83,52.9,D,Pass,56.940000000000005
140,Student_140,9.7,74,40.7,D,Pass,58.62
141,Student_141,9.7,56,69.99137749737118,C,Pass,72.5948264984227
142,Student_142,3.3,53,98.6,A,Pass,76.35999999999999
143,Student_143,5.5,57,88.1,B,Pass,75.25999999999999
144,Student_144,3.7,69,97.6,A,Pass,79.76
145,Student_145,3.6,78,69.3,C,Pass,64.38
146,Student_146,1.3,100,46.6,D,Pass,50.56
147,Student_147,6.5,94,72.9,C,Pass,75.54
148,Student_148,5.5,95,67.3,C,Pass,70.38
149,Student_149,1.5,59,90.7,A,Pass,69.22
150,Student_150,3.5,92,45.9,D,Pass,52.94
151,Student_151,9.2,83,69.3,C,Pass,76.58
152,Student_152,3.2,75,49.0,D,Pass,50.8
153,Student_153,2.3,90,59.5,D,Pass,58.3
154,Student_154,5.4,98,84.2,B,Pass,80.92
155,Student_155,9.9,52,68.6,C,Pass,71.36
156,Student_156,3.2,55,62.6,C,Pass,54.96
157,Student_157,7.0,54,69.99137749737118,C,Pass,66.79482649842271
158,Student_158,7.9,54,67.6,C,Pass,67.16
159,Student_159,3.1,96,87.1,B,Pass,77.66000000000001
160,Student_160,7.6,72,93.5,A,Pass,85.7
161,Student_161,4.3,98,97.3,A,Pass,86.57999999999998
162,Student_162,6.7,58,87.2,B,Pass,77.32000000000001
163,Student_163,6.7,84,58.9,D,Pass,65.54
164,Student_164,5.8,69,81.3,B,Pass,74.17999999999999
165,Student_165,1.8,98,66.3,C,Pass,62.98
166,Student_166,8.5,91,55.3,D,Pass,68.38
167,Student_167,3.9,84,90.5,A,Pass,78.89999999999999
168,Student_168,2.7,99,42.3,D,Pass,50.58
169,Student_169,1.4,67,94.1,A,Pass,72.66
170,Student_170,6.3,66,67.7,C,Pass,66.42
171,Student_171,7.1,73,78.2,B,Pass,75.72
172,Student_172,1.1,52,79.6,B,Pass,60.36
173,Student_173,5.6,81,93.7,A,Pass,83.62
174,Student_174,3.0,84,78.2,B,Pass,69.72
175,Student_175,6.8,87,69.99137749737118,C,Pass,72.9948264984227
176,Student_176,2.6,62,44.0,D,Pass,44.0
177,Student_177,7.2,96,69.99137749737118,C,Pass,75.5948264984227
178,Student_178,4.5,74,49.0,D,Pass,53.2
179,Student_179,9.4,58,84.2,B,Pass,80.92
180,Student_180,2.2,53,70.7,C,Pass,57.42
181,Student_181,4.1,63,80.8,B,Pass,69.28
182,Student_182,2.0,86,42.5,D,Pass,46.7
183,Student_183,9.3,83,45.1,D,Pass,62.26
184,Student_184,8.9,60,83.0,B,Pass,79.6
185,Student_185,3.3,90,44.3,D,Pass,51.18
186,Student_186,6.9,52,44.3,D,Pass,50.78
187,Student_187,8.4,77,40.7,D,Pass,56.620000000000005
188,Student_188,6.0,78,97.4,A,Pass,86.03999999999999
189,Student_189,5.8,58,84.3,B,Pass,73.78
190,Student_190,3.2,52,61.2,C,Pass,53.519999999999996
191,Student_191,1.8,74,57.8,D,Pass,53.080000000000005
192,Student_192,9.1,83,61.0,C,Pass,71.4
193,Student_193,9.1,61,86.5,B,Pass,82.3
194,Student_194,6.7,91,79.7,B,Pass,79.42
195,Student_195,4.1,58,51.1,D,Pass,50.46000000000001
196,Student_196,4.1,64,50.4,D,Pass,51.239999999999995
197,Student_197,7.5,89,45.9,D,Pass,60.34
198,Student_198,9.1,74,69.99137749737118,C,Pass,74.99482649842271
199,Student_199,9.0,54,85.9,B,Pass,80.34
200,Student_200,8.0,60,55.9,D,Pass,61.54
201,Student_201,6.8,83,41.3,D,Pass,54.98
202,Student_202,1.8,73,44.9,D,Pass,45.14
203,Student_203,2.5,64,98.1,A,Pass,76.66
204,Student_204,9.1,87,57.7,D,Pass,70.22
205,Student_205,6.5,57,86.2,B,Pass,76.12
206,Student_206,1.1,54,77.5,B,Pass,59.5
207,Student_207,1.9,97,62.9,C,Pass,60.94
208,Student_208,7.0,75,52.3,D,Pass,60.379999999999995
209,Student_209,1.0,67,47.3,D,Pass,43.78
210,Student_210,2.4,55,76.9,B,Pass,61.94
211,Student_211,5.9,86,86.5,B,Pass,80.89999999999999
212,Student_212,7.2,97,78.6,B,Pass,80.96000000000001
213,Student_213,6.9,62,71.8,C,Pass,69.28
214,Student_214,3.0,77,42.5,D,Pass,46.9
215,Student_215,7.4,54,98.1,A,Pass,84.46
216,Student_216,3.1,62,87.9,B,Pass,71.34
217,Student_217,3.9,66,57.6,D,Pass,55.56
218,Student_218,7.7,99,69.99137749737118,C,Pass,77.19482649842271
219,Student_219,6.8,89,76.1,B,Pass,77.05999999999999
220,Student_220,8.6,94,74.9,C,Pass,80.94000000000001
221,Student_221,6.9,81,84.9,B,Pass,80.94
222,Student_222,6.1,78,88.7,B,Pass,81.02
223,Student_223,1.8,100,79.4,B,Pass,71.24
224,Student_224,4.3,52,47.7,D,Pass,47.620000000000005
225,Student_225,3.4,89,60.3,C,Pass,60.78
226,Student_226,3.2,83,95.7,A,Pass,80.42000000000002
227,Student_227,9.8,89,53.5,D,Pass,69.5
228,Student_228,4.5,76,62.3,C,Pass,61.58
229,Student_229,9.0,62,65.9,C,Pass,69.94
230,Student_230,6.7,94,66.4,C,Pass,72.04
231,Student_231,8.2,82,76.8,B,Pass,78.88
232,Student_232,5.5,55,96.6,A,Pass,79.96
233,Student_233,6.2,73,54.4,D,Pass,59.64
234,Student_234,5.4,68,47.3,D,Pass,52.78
235,Student_235,2.8,65,69.99137749737118,C,Pass,60.594826498422705
236,Student_236,7.5,89,93.2,A,Pass,88.72
237,Student_237,3.5,77,78.7,B,Pass,69.62
238,Student_238,1.2,82,57.2,D,Pass,53.12
239,Student_239,6.8,97,89.0,B,Pass,86.39999999999999
240,Student_240,2.6,90,91.7,A,Pass,78.22000000000001
241,Student_241,9.5,62,90.8,A,Pass,85.88
242,Student_242,9.6,92,95.1,A,Pass,94.66
243,Student_243,9.2,94,55.1,D,Pass,70.25999999999999
244,Student_244,4.3,74,85.3,B,Pass,74.58
245,Student_245,1.1,91,67.6,C,Pass,60.959999999999994
246,Student_246,9.4,85,90.5,A,Pass,90.1
247,Student_247,4.9,76,83.7,B,Pass,75.22
248,Student_248,9.7,87,86.6,B,Pass,88.75999999999999
249,Student_249,9.7,56,79.4,B,Pass,78.24000000000001
250,Student_250,8.7,54,50.6,D,Pass,58.559999999999995
251,Student_251,3.7,92,72.7,C,Pass,69.42
252,Student_252,4.5,94,99.1,A,Pass,87.25999999999999
253,Student_253,8.7,100,96.2,A,Pass,95.12
254,Student_254,3.9,80,42.6,D,Pass,49.36
255,Student_255,2.5,72,49.9,D,Pass,49.339999999999996
256,Student_256,6.0,91,47.9,D,Pass,58.94
257,Student_257,9.4,59,83.6,B,Pass,80.75999999999999
258,Student_258,7.3,81,89.1,B,Pass,84.25999999999999
259,Student_259,6.1,92,52.8,D,Pass,62.28
260,Student_260,1.9,79,70.4,C,Pass,61.84
261,Student_261,6.5,88,90.4,A,Pass,84.84
262,Student_262,9.9,80,84.0,B,Pass,86.2
263,Student_263,2.3,67,72.5,C,Pass,61.5
264,Student_264,5.7,85,75.4,B,Pass,73.64
265,Student_265,8.9,51,70.5,C,Pass,70.3
266,Student_266,7.7,63,57.9,D,Pass,62.739999999999995
267,Student_267,7.3,62,73.9,C,Pass,71.34
268,Student_268,7.3,78,81.3,B,Pass,78.97999999999999
269,Student_269,4.2,61,92.4,A,Pass,76.04
270,Student_270,3.6,88,78.2,B,Pass,71.72000000000001
271,Student_271,8.3,51,85.7,B,Pass,78.22
272,Student_272,8.3,81,49.6,D,Pass,62.559999999999995
273,Student_273,8.8,62,67.7,C,Pass,70.62
274,Student_274,9.2,95,40.6,D,Pass,61.76
275,Student_275,5.6,76,54.8,D,Pass,59.28
276,Student_276,5.5,98,83.6,B,Pass,80.75999999999999
277,Student_277,8.2,90,99.5,A,Pass,94.1
278,Student_278,6.8,66,46.0,D,Pass,54.4
279,Student_279,7.3,89,64.1,C,Pass,70.85999999999999
280,Student_280,8.2,80,88.0,B,Pass,85.19999999999999
281,Student_281,9.0,83,52.2,D,Pass,65.92
282,Student_282,4.0,73,73.3,C,Pass,66.58
283,Student_283,4.4,94,84.0,B,Pass,78.0
284,Student_284,1.8,84,77.0,B,Pass,66.6
285,Student_285,6.2,97,51.3,D,Pass,62.58
286,Student_286,1.3,55,61.3,C,Pass,50.379999999999995
287,Student_287,5.2,68,87.0,B,Pass,76.2
288,Student_288,5.9,79,73.3,C,Pass,71.58
289,Student_289,3.6,56,40.3,D,Pass,42.58
290,Student_290,6.3,59,85.7,B,Pass,75.82
291,Student_291,1.3,90,42.1,D,Pass,45.86000000000001
292,Student_292,1.3,81,84.7,B,Pass,69.61999999999999
293,Student_293,8.4,83,52.1,D,Pass,64.66
294,Student_294,4.2,77,97.5,A,Pass,82.30000000000001
295,Student_295,2.1,64,62.1,C,Pass,54.260000000000005
296,Student_296,5.7,79,59.6,D,Pass,62.96
297,Student_297,7.9,86,48.9,D,Pass,62.33999999999999
298,Student_298,2.9,78,58.3,D,Pass,56.379999999999995
299,Student_299,6.6,71,92.6,A,Pass,82.96
300,Student_300,1.8,53,99.8,A,Pass,74.07999999999998
301,Student_301,1.5,69,62.1,C,Pass,54.06
302,Student_302,5.8,81,66.9,C,Pass,67.94
303,Student_303,5.9,85,83.3,B,Pass,78.77999999999999
304,Student_304,6.7,99,93.2,A,Pass,89.12
305,Student_305,7.5,53,75.6,B,Pass,70.96
306,Student_306,9.8,76,63.5,C,Pass,72.9
307,Student_307,5.6,66,64.8,C,Pass,63.28
308,Student_308,3.9,61,81.7,B,Pass,69.02000000000001
309,Student_309,8.2,71,40.2,D,Pass,54.72
310,Student_310,3.4,66,77.2,B,Pass,66.32000000000001
311,Student_311,5.0,59,61.3,C,Pass,58.58
312,Student_312,1.7,50,87.7,B,Pass,66.02
313,Student_313,1.2,71,45.6,D,Pass,43.96
314,Student_314,9.7,75,75.3,B,Pass,79.58
315,Student_315,8.5,67,68.9,C,Pass,71.74000000000001
316,Student_316,7.3,99,78.5,B,Pass,81.5
317,Student_317,4.7,63,43.9,D,Pass,48.339999999999996
318,Student_318,2.6,96,74.8,C,Pass,69.28
319,Student_319,2.4,78,73.7,C,Pass,64.62
320,Student_320,3.3,61,73.6,C,Pass,62.96
321,Student_321,5.9,85,76.2,B,Pass,74.52
322,Student_322,7.4,84,80.6,B,Pass,79.96
323,Student_323,6.9,61,88.3,B,Pass,78.97999999999999
324,Student_324,3.5,56,56.2,D,Pass,51.92
325,Student_325,9.6,78,89.5,B,Pass,88.5
326,Student_326,7.6,60,69.9,C,Pass,69.14
327,Student_327,6.0,82,44.6,D,Pass,55.160000000000004
328,Student_328,6.5,55,43.5,D,Pass,50.099999999999994
329,Student_329,4.8,96,60.1,C,Pass,64.86
330,Student_330,3.2,64,87.1,B,Pass,71.46000000000001
331,Student_331,4.2,81,82.5,B,Pass,74.10000000000001
332,Student_332,7.8,100,87.3,B,Pass,87.97999999999999
333,Student_333,1.1,60,71.0,C,Pass,56.800000000000004
334,Student_334,2.0,72,66.4,C,Pass,58.24
335,Student_335,1.4,75,48.8,D,Pass,47.08
336,Student_336,1.4,83,59.7,D,Pass,55.22
337,Student_337,8.7,95,66.0,C,Pass,76.0
338,Student_338,7.3,83,45.3,D,Pass,58.38
339,Student_339,5.3,78,53.2,D,Pass,58.120000000000005
340,Student_340,1.9,53,75.9,B,Pass,59.94
341,Student_341,5.4,66,84.1,B,Pass,74.46
342,Student_342,5.3,84,99.9,A,Pass,87.33999999999999
343,Student_343,2.6,62,96.0,A,Pass,75.2
344,Student_344,4.9,90,78.6,B,Pass,74.96
345,Student_345,4.6,88,65.3,C,Pass,65.98
346,Student_346,6.5,64,78.2,B,Pass,72.72
347,Student_347,6.7,78,87.1,B,Pass,81.26
348,Student_348,1.4,78,47.1,D,Pass,46.66
349,Student_349,4.4,60,64.6,C,Pass,59.56
350,Student_350,6.6,81,90.4,A,Pass,83.64
351,Student_351,5.5,51,63.0,C,Pass,59.0
352,Student_352,8.7,96,74.3,C,Pass,81.18
353,Student_353,6.9,63,75.3,B,Pass,71.58
354,Student_354,2.5,69,51.1,D,Pass,49.46
355,Student_355,1.6,71,61.7,C,Pass,54.42000000000001
356,Student_356,6.8,60,60.1,C,Pass,61.660000000000004
357,Student_357,1.2,76,41.6,D,Pass,42.56
358,Student_358,6.3,52,41.5,D,Pass,47.9
359,Student_359,9.5,66,89.9,B,Pass,86.14
360,Student_360,6.2,93,56.4,D,Pass,64.84
361,Student_361,4.5,77,71.1,C,Pass,67.06
362,Student_362,6.8,78,57.9,D,Pass,63.94
363,Student_363,5.1,70,96.4,A,Pass,82.04
364,Student_364,5.9,96,55.6,D,Pass,64.36
365,Student_365,9.5,65,65.8,C,Pass,71.47999999999999
366,Student_366,4.5,86,92.4,A,Pass,81.64
367,Student_367,9.7,69,90.5,A,Pass,87.5
368,Student_368,9.1,55,51.2,D,Pass,59.92
369,Student_369,2.8,68,88.2,B,Pass,72.12
370,Student_370,1.6,54,67.5,C,Pass,54.5
371,Student_371,1.9,52,69.0,C,Pass,55.599999999999994
372,Student_372,1.2,50,48.0,D,Pass,41.199999999999996
373,Student_373,1.8,87,44.8,D,Pass,47.88
374,Student_374,7.1,64,83.7,B,Pass,77.22
375,Student_375,1.6,83,69.8,C,Pass,61.68
376,Student_376,3.9,84,66.2,C,Pass,64.32
377,Student_377,8.6,98,83.8,B,Pass,87.08
378,Student_378,1.2,74,85.9,B,Pass,68.74000000000001
379,Student_379,8.3,73,49.5,D,Pass,60.9
380,Student_380,3.5,61,76.6,B,Pass,65.16
381,Student_381,2.1,67,48.1,D,Pass,46.46
382,Student_382,7.3,64,85.1,B,Pass,78.46
383,Student_383,6.7,93,79.4,B,Pass,79.64000000000001
384,Student_384,8.9,65,97.4,A,Pass,89.24
385,Student_385,7.6,76,44.1,D,Pass,56.86
386,Student_386,8.2,57,43.4,D,Pass,53.839999999999996
387,Student_387,3.5,95,56.9,D,Pass,60.14
388,Student_388,2.6,74,55.7,D,Pass,53.42
389,Student_389,7.8,66,54.8,D,Pass,61.68
390,Student_390,8.3,78,94.4,A,Pass,88.84
391,Student_391,9.9,57,55.0,D,Pass,64.2
392,Student_392,4.7,64,56.3,D,Pass,55.98
393,Student_393,4.3,76,85.6,B,Pass,75.15999999999998
394,Student_394,8.0,95,67.0,C,Pass,75.19999999999999
395,Student_395,4.1,99,86.6,B,Pass,79.96
396,Student_396,9.4,56,43.9,D,Pass,56.34
397,Student_397,8.7,52,69.3,C,Pass,69.38
398,Student_398,4.9,78,42.0,D,Pass,50.599999999999994
399,Student_399,7.8,93,43.8,D,Pass,60.48
400,Student_400,7.8,73,94.4,A,Pass,86.84
401,Student_401,1.9,52,69.99137749737118,C,Pass,56.1948264984227
402,Student_402,9.1,69,71.9,C,Pass,75.14
403,Student_403,5.5,95,64.7,C,Pass,68.82
404,Student_404,8.4,64,60.8,C,Pass,66.08
405,Student_405,3.9,74,94.0,A,Pass,79.0
406,Student_406,9.1,79,41.3,D,Pass,58.78
407,Student_407,4.5,63,79.8,B,Pass,69.47999999999999
408,Student_408,1.1,56,97.8,A,Pass,72.08
409,Student_409,9.1,66,73.6,C,Pass,75.56
410,Student_410,1.8,93,96.2,A,Pass,79.91999999999999
411,Student_411,3.9,69,43.1,D,Pass,47.459999999999994
412,Student_412,9.6,85,65.1,C,Pass,75.25999999999999
413,Student_413,9.6,58,55.6,D,Pass,64.16
414,Student_414,6.2,87,83.8,B,Pass,80.08
415,Student_415,6.7,97,98.9,A,Pass,92.14000000000001
416,Student_416,5.0,71,55.4,D,Pass,57.44
417,Student_417,3.6,51,79.3,B,Pass,64.98
418,Student_418,4.0,73,51.9,D,Pass,53.739999999999995
419,Student_419,7.1,57,73.9,C,Pass,69.94
420,Student_420,7.8,60,67.8,C,Pass,68.28
421,Student_421,8.1,62,69.99137749737118,C,Pass,70.5948264984227
422,Student_422,8.1,66,76.5,B,Pass,75.3
423,Student_423,1.8,57,61.0,C,Pass,51.6
424,Student_424,5.4,70,46.8,D,Pass,52.879999999999995
425,Student_425,1.5,67,49.1,D,Pass,45.86
426,Student_426,5.9,79,53.5,D,Pass,59.7
427,Student_427,5.0,67,55.1,D,Pass,56.46
428,Student_428,9.0,95,69.99137749737118,C,Pass,78.9948264984227
429,Student_429,4.2,96,73.7,C,Pass,71.82000000000001
430,Student_430,2.1,80,71.4,C,Pass,63.040000000000006
431,Student_431,2.3,87,46.9,D,Pass,50.14
432,Student_432,7.9,81,91.6,A,Pass,86.96
433,Student_433,6.6,60,83.4,B,Pass,75.24
434,Student_434,1.9,94,44.1,D,Pass,49.06
435,Student_435,1.8,74,82.5,B,Pass,67.89999999999999
436,Student_436,7.3,82,72.6,C,Pass,74.55999999999999
437,Student_437,1.7,87,44.9,D,Pass,47.74
438,Student_438,8.4,90,67.5,C,Pass,75.3
439,Student_439,7.4,57,69.1,C,Pass,67.66
440,Student_440,1.7,60,49.9,D,Pass,45.339999999999996
441,Student_441,1.8,71,96.7,A,Pass,75.82
442,Student_442,9.9,100,91.0,A,Pass,94.39999999999999
443,Student_443,4.4,73,80.1,B,Pass,71.46
444,Student_444,4.3,90,67.7,C,Pass,67.22
445,Student_445,8.3,66,64.7,C,Pass,68.62
446,Student_446,9.5,61,79.1,B,Pass,78.66
447,Student_447,9.9,95,72.7,C,Pass,82.42
448,Student_448,7.8,81,43.7,D,Pass,58.02
449,Student_449,4.4,64,70.8,C,Pass,64.08
450,Student_450,1.8,65,88.4,B,Pass,69.63999999999999
451,Student_451,8.0,71,67.6,C,Pass,70.75999999999999
452,Student_452,6.0,77,69.99137749737118,C,Pass,69.3948264984227
453,Student_453,4.8,69,87.2,B,Pass,75.72
454,Student_454,9.2,82,52.1,D,Pass,66.06
455,Student_455,2.0,59,55.5,D,Pass,49.099999999999994
456,Student_456,5.4,89,49.9,D,Pass,58.53999999999999
457,Student_457,1.1,81,59.8,D,Pass,54.28
458,Student_458,5.2,99,85.4,B,Pass,81.44000000000001
459,Student_459,1.5,82,71.2,C,Pass,62.120000000000005
460,Student_460,2.1,51,52.3,D,Pass,45.78
461,Student_461,2.1,82,92.7,A,Pass,76.22
462,Student_462,6.8,82,92.8,A,Pass,85.67999999999999
463,Student_463,7.7,90,92.2,A,Pass,88.72
464,Student_464,6.3,62,54.3,D,Pass,57.58
465,Student_465,9.7,79,67.1,C,Pass,75.46000000000001
466,Student_466,4.4,82,99.1,A,Pass,84.66
467,Student_467,3.6,62,86.3,B,Pass,71.38
468,Student_468,8.8,75,41.6,D,Pass,57.56
469,Student_469,3.0,71,43.9,D,Pass,46.54
470,Student_470,9.7,88,67.8,C,Pass,77.68
471,Student_471,1.1,51,69.99137749737118,C,Pass,54.39482649842271
472,Student_472,9.7,87,72.3,C,Pass,80.18
473,Student_473,1.4,88,69.9,C,Pass,62.34
474,Student_474,9.0,75,46.3,D,Pass,60.78
475,Student_475,5.7,95,79.4,B,Pass,78.04
476,Student_476,9.9,99,89.3,B,Pass,93.17999999999999
477,Student_477,1.7,64,62.8,C,Pass,53.88
478,Student_478,6.0,83,86.5,B,Pass,80.5
479,Student_479,9.7,91,97.9,A,Pass,96.34
480,Student_480,5.7,93,52.2,D,Pass,61.32
481,Student_481,6.7,98,71.4,C,Pass,75.84
482,Student_482,7.3,89,57.2,D,Pass,66.72
483,Student_483,5.1,60,87.6,B,Pass,74.76
484,Student_484,6.6,52,74.7,C,Pass,68.42
485,Student_485,6.3,55,78.1,B,Pass,70.46
486,Student_486,9.1,58,87.9,B,Pass,82.54
487,Student_487,1.4,55,63.8,C,Pass,52.07999999999999
488,Student_488,3.5,58,94.9,A,Pass,75.54
489,Student_489,9.6,88,72.0,C,Pass,80.0
490,Student_490,9.0,80,49.5,D,Pass,63.7
491,Student_491,5.1,81,81.8,B,Pass,75.48
492,Student_492,6.6,90,87.6,B,Pass,83.76
493,Student_493,3.5,99,59.0,D,Pass,62.2
494,Student_494,2.7,61,91.4,A,Pass,72.44000000000001
495,Student_495,5.2,57,94.4,A,Pass,78.44000000000001
496,Student_496,4.2,57,56.6,D,Pass,53.76
497,Student_497,6.3,99,99.0,A,Pass,91.8
498,Student_498,1.7,77,48.4,D,Pass,47.839999999999996
499,Student_499,9.8,69,52.1,D,Pass,64.66
500,Student_500,9.9,96,51.1,D,Pass,69.66
501,Student_501,7.3,56,93.6,A,Pass,81.96
502,Student_502,5.8,60,79.3,B,Pass,71.17999999999999
503,Student_503,3.8,69,49.1,D,Pass,50.86000000000001
504,Student_504,8.3,65,66.4,C,Pass,69.44
505,Student_505,7.2,53,76.9,B,Pass,71.14
506,Student_506,2.5,55,45.0,D,Pass,43.0
507,Student_507,9.2,71,92.9,A,Pass,88.34
508,Student_508,8.4,75,88.2,B,Pass,84.72
509,Student_509,9.5,52,70.3,C,Pass,71.58
510,Student_510,7.5,90,98.0,A,Pass,91.8
511,Student_511,6.5,91,65.1,C,Pass,70.25999999999999
512,Student_512,4.8,63,99.0,A,Pass,81.6
513,Student_513,9.4,60,80.1,B,Pass,78.86
514,Student_514,8.8,67,78.1,B,Pass,77.85999999999999
515,Student_515,1.4,61,50.0,D,Pass,45.0
516,Student_516,1.2,72,92.9,A,Pass,72.54
517,Student_517,4.4,61,65.6,C,Pass,60.36
518,Student_518,8.3,62,49.7,D,Pass,58.82
519,Student_519,9.9,74,40.8,D,Pass,59.08
520,Student_520,2.4,94,73.6,C,Pass,67.75999999999999
521,Student_521,6.3,100,71.6,C,Pass,75.55999999999999
522,Student_522,4.4,68,83.2,B,Pass,72.32000000000001
523,Student_523,9.7,95,69.99137749737118,C,Pass,80.3948264984227
524,Student_524,8.6,85,44.8,D,Pass,61.08
525,Student_525,8.5,94,83.9,B,Pass,86.14
526,Student_526,5.2,57,51.2,D,Pass,52.519999999999996
527,Student_527,4.7,78,91.5,A,Pass,79.9
528,Student_528,3.5,81,89.1,B,Pass,76.66
529,Student_529,1.5,100,72.4,C,Pass,66.44
530,Student_530,8.8,93,82.6,B,Pass,85.75999999999999
531,Student_531,8.3,67,58.9,D,Pass,65.34
532,Student_532,10.0,55,68.3,C,Pass,71.97999999999999
533,Student_533,10.0,67,89.3,B,Pass,86.98
534,Student_534,6.0,68,67.6,C,Pass,66.16
535,Student_535,7.9,71,61.5,C,Pass,66.9
536,Student_536,9.5,86,69.99137749737118,C,Pass,78.1948264984227
537,Student_537,8.6,81,89.7,B,Pass,87.22
538,Student_538,3.2,90,60.1,C,Pass,60.46
539,Student_539,5.1,52,50.4,D,Pass,50.84
540,Student_540,2.2,77,82.7,B,Pass,69.42
541,Student_541,9.6,59,89.6,B,Pass,84.76
542,Student_542,6.5,100,46.0,D,Pass,60.599999999999994
543,Student_543,3.1,84,54.4,D,Pass,55.64
544,Student_544,7.0,78,48.5,D,Pass,58.7
545,Student_545,6.6,64,60.9,C,Pass,62.540000000000006
546,Student_546,4.2,82,67.0,C,Pass,65.0
547,Student_547,2.0,56,84.9,B,Pass,66.14000000000001
548,Student_548,7.0,61,79.1,B,Pass,73.66
549,Student_549,5.7,98,77.3,B,Pass,77.38
550,Student_550,8.0,79,61.1,C,Pass,68.46
551,Student_551,5.7,70,90.5,A,Pass,79.7
552,Student_552,8.7,80,68.3,C,Pass,74.38
553,Student_553,6.0,73,98.7,A,Pass,85.82
554,Student_554,6.0,69,78.0,B,Pass,72.6
555,Student_555,8.9,86,47.6,D,Pass,63.56
556,Student_556,4.6,53,80.6,B,Pass,68.16
557,Student_557,2.2,77,59.5,D,Pass,55.49999999999999
558,Student_558,1.3,93,81.2,B,Pass,69.91999999999999
559,Student_559,7.8,69,44.2,D,Pass,55.92
560,Student_560,6.6,73,50.5,D,Pass,58.099999999999994
561,Student_561,7.3,99,91.3,A,Pass,89.17999999999999
562,Student_562,2.9,98,53.6,D,Pass,57.559999999999995
563,Student_563,2.2,100,90.2,A,Pass,78.52000000000001
564,Student_564,1.1,81,56.8,D,Pass,52.480000000000004
565,Student_565,4.2,90,78.6,B,Pass,73.56
566,Student_566,6.3,85,81.6,B,Pass,78.55999999999999
567,Student_567,4.5,83,70.8,C,Pass,68.08
568,Student_568,4.9,85,69.99137749737118,C,Pass,68.79482649842271
569,Student_569,9.1,51,52.8,D,Pass,60.08
570,Student_570,4.1,64,42.0,D,Pass,46.2
571,Student_571,5.6,83,58.2,D,Pass,62.72
572,Student_572,8.1,85,79.2,B,Pass,80.72000000000001
573,Student_573,4.6,55,96.3,A,Pass,77.98
574,Student_574,6.6,88,92.3,A,Pass,86.17999999999999
575,Student_575,8.8,91,86.0,B,Pass,87.4
576,Student_576,9.5,100,87.3,B,Pass,91.38
577,Student_577,2.3,100,69.99137749737118,C,Pass,66.5948264984227
578,Student_578,9.3,61,55.6,D,Pass,64.16
579,Student_579,5.4,52,94.4,A,Pass,77.84
580,Student_580,3.3,94,80.2,B,Pass,73.52
581,Student_581,5.1,67,73.6,C,Pass,67.75999999999999
582,Student_582,9.8,89,46.7,D,Pass,65.42
583,Student_583,5.4,70,66.8,C,Pass,64.88
584,Student_584,4.0,64,67.6,C,Pass,61.36
585,Student_585,6.7,82,91.9,A,Pass,84.94000000000001
586,Student_586,3.2,84,72.8,C,Pass,66.88000000000001
587,Student_587,1.7,75,62.8,C,Pass,56.08
588,Student_588,2.2,57,98.6,A,Pass,74.96000000000001
589,Student_589,2.2,85,46.6,D,Pass,49.36
590,Student_590,2.4,97,65.4,C,Pass,63.44
591,Student_591,2.2,79,42.5,D,Pass,45.699999999999996
592,Student_592,6.8,72,84.4,B,Pass,78.64
593,Student_593,2.6,91,95.1,A,Pass,80.46
594,Student_594,4.1,93,56.8,D,Pass,60.879999999999995
595,Student_595,9.1,63,91.5,A,Pass,85.7
596,Student_596,5.3,63,57.5,D,Pass,57.7
597,Student_597,7.0,51,94.6,A,Pass,80.96
598,Student_598,2.6,86,85.2,B,Pass,73.52
599,Student_599,2.7,54,88.3,B,Pass,69.18
600,Student_600,1.4,87,41.1,D,Pass,44.86
601,Student_601,2.5,94,97.8,A,Pass,82.47999999999999
602,Student_602,3.5,90,83.6,B,Pass,75.16
603,Student_603,2.6,96,58.3,D,Pass,59.38
604,Student_604,1.8,63,89.8,B,Pass,70.07999999999998
605,Student_605,2.1,88,56.9,D,Pass,55.940000000000005
606,Student_606,5.1,74,92.4,A,Pass,80.44000000000001
607,Student_607,2.9,69,46.8,D,Pass,47.67999999999999
608,Student_608,4.3,51,82.2,B,Pass,68.12
609,Student_609,5.5,88,72.4,C,Pass,72.04
610,Student_610,7.2,55,45.8,D,Pass,52.879999999999995
611,Student_611,1.4,66,54.5,D,Pass,48.699999999999996
612,Student_612,8.2,74,69.99137749737118,C,Pass,73.19482649842271
613,Student_613,6.7,77,68.1,C,Pass,69.66
614,Student_614,1.7,51,58.1,D,Pass,48.46
615,Student_615,8.9,84,75.9,B,Pass,80.14
616,Student_616,9.3,86,57.8,D,Pass,70.47999999999999
617,Student_617,1.5,54,58.0,D,Pass,48.599999999999994
618,Student_618,3.5,50,84.6,B,Pass,67.75999999999999
619,Student_619,8.3,89,69.99137749737118,C,Pass,76.3948264984227
620,Student_620,7.7,61,94.2,A,Pass,84.12
621,Student_621,2.7,85,91.1,A,Pass,77.06
622,Student_622,2.9,94,80.1,B,Pass,72.66
623,Student_623,4.3,72,75.6,B,Pass,68.35999999999999
624,Student_624,5.4,96,69.99137749737118,C,Pass,71.99482649842271
625,Student_625,6.6,80,51.1,D,Pass,59.86
626,Student_626,4.3,60,44.7,D,Pass,47.42
627,Student_627,5.2,59,54.4,D,Pass,54.839999999999996
628,Student_628,7.7,52,87.7,B,Pass,78.42
629,Student_629,1.3,63,42.1,D,Pass,40.46
630,Student_630,3.3,65,75.0,B,Pass,64.6
631,Student_631,7.4,59,99.7,A,Pass,86.42
632,Student_632,9.1,78,69.99137749737118,C,Pass,75.79482649842271
633,Student_633,5.6,59,69.99137749737118,C,Pass,64.99482649842271
634,Student_634,5.8,61,43.8,D,Pass,50.08
635,Student_635,2.0,79,89.9,B,Pass,73.74000000000001
636,Student_636,5.0,90,75.9,B,Pass,73.53999999999999
637,Student_637,5.8,50,46.9,D,Pass,49.74
638,Student_638,3.2,54,45.6,D,Pass,44.559999999999995
639,Student_639,3.4,69,94.6,A,Pass,77.36
640,Student_640,4.4,57,80.2,B,Pass,68.32
641,Student_641,1.2,92,89.8,B,Pass,74.68
642,Student_642,3.9,61,92.7,A,Pass,75.61999999999999
643,Student_643,2.9,50,74.3,C,Pass,60.379999999999995
644,Student_644,3.9,69,71.0,C,Pass,64.2
645,Student_645,2.1,77,65.8,C,Pass,59.08
646,Student_646,9.0,92,59.0,D,Pass,71.8
647,Student_647,6.3,86,66.1,C,Pass,69.46
648,Student_648,7.1,96,86.4,B,Pass,85.24000000000001
649,Student_649,8.1,86,76.1,B,Pass,79.06
650,Student_650,5.5,61,93.6,A,Pass,79.36
651,Student_651,1.8,86,69.99137749737118,C,Pass,62.7948264984227
652,Student_652,5.8,98,76.4,B,Pass,77.03999999999999
653,Student_653,6.3,98,77.9,B,Pass,78.94
654,Student_654,7.7,93,75.5,B,Pass,79.3
655,Student_655,4.9,77,82.2,B,Pass,74.52
656,Student_656,2.1,96,54.2,D,Pass,55.92000000000001
657,Student_657,3.6,64,70.7,C,Pass,62.42
658,Student_658,4.3,55,46.3,D,Pass,47.38
659,Student_659,6.8,93,69.99137749737118,C,Pass,74.1948264984227
660,Student_660,6.1,69,69.3,C,Pass,67.58
661,Student_661,4.2,99,79.1,B,Pass,75.66
662,Student_662,9.9,63,97.0,A,Pass,90.6
663,Student_663,6.5,51,76.0,B,Pass,68.80000000000001
664,Student_664,3.1,58,84.6,B,Pass,68.56
665,Student_665,1.9,86,70.4,C,Pass,63.239999999999995
666,Student_666,2.4,69,78.0,B,Pass,65.39999999999999
667,Student_667,3.2,75,44.3,D,Pass,47.98
668,Student_668,2.4,78,69.99137749737118,C,Pass,62.3948264984227
669,Student_669,2.7,50,61.7,C,Pass,52.42
670,Student_670,3.6,84,68.3,C,Pass,64.98
671,Student_671,2.6,55,42.7,D,Pass,41.82000000000001
672,Student_672,9.1,86,48.4,D,Pass,64.44
673,Student_673,1.7,54,56.6,D,Pass,48.160000000000004
674,Student_674,5.7,82,69.99137749737118,C,Pass,69.79482649842271
675,Student_675,4.7,98,59.9,D,Pass,64.94
676,Student_676,9.8,100,68.9,C,Pass,80.94
677,Student_677,2.0,63,51.8,D,Pass,47.68
678,Student_678,4.6,61,76.6,B,Pass,67.36
679,Student_679,9.7,91,56.8,D,Pass,71.68
680,Student_680,8.8,69,52.4,D,Pass,62.839999999999996
681,Student_681,8.4,99,71.0,C,Pass,79.2
682,Student_682,3.3,73,40.3,D,Pass,45.38
683,Student_683,2.5,92,40.5,D,Pass,47.7
684,Student_684,7.0,83,53.1,D,Pass,62.46
685,Student_685,9.4,74,42.2,D,Pass,58.92
686,Student_686,6.0,99,46.5,D,Pass,59.7
687,Student_687,6.1,78,60.3,C,Pass,63.980000000000004
688,Student_688,3.5,88,88.2,B,Pass,77.52000000000001
689,Student_689,7.9,80,74.3,C,Pass,76.38
690,Student_690,2.7,96,70.8,C,Pass,67.08
691,Student_691,3.9,92,69.99137749737118,C,Pass,68.1948264984227
692,Student_692,4.8,99,95.9,A,Pass,86.94
693,Student_693,5.6,72,63.8,C,Pass,63.879999999999995
694,Student_694,3.2,93,45.2,D,Pass,52.12
695,Student_695,2.0,87,77.0,B,Pass,67.6
696,Student_696,6.5,69,46.8,D,Pass,54.879999999999995
697,Student_697,3.6,72,60.7,C,Pass,58.02
698,Student_698,6.2,94,69.99137749737118,C,Pass,73.19482649842271
699,Student_699,2.4,65,92.5,A,Pass,73.3
700,Student_700,5.3,99,69.6,C,Pass,72.16
701,Student_701,5.8,91,82.1,B,Pass,79.05999999999999
702,Student_702,1.5,57,99.6,A,Pass,74.16
703,Student_703,4.0,99,47.9,D,Pass,56.54
704,Student_704,2.2,70,56.5,D,Pass,52.3
705,Student_705,1.6,50,63.7,C,Pass,51.42
706,Student_706,9.9,57,65.3,C,Pass,70.38
707,Student_707,3.9,78,64.7,C,Pass,62.22
708,Student_708,8.3,81,94.5,A,Pass,89.5
709,Student_709,3.3,87,82.8,B,Pass,73.67999999999999
710,Student_710,7.1,54,76.5,B,Pass,70.9
711,Student_711,7.8,96,58.6,D,Pass,69.96
712,Student_712,6.4,71,89.4,B,Pass,80.64
713,Student_713,5.2,96,97.3,A,Pass,87.98
714,Student_714,4.7,83,89.3,B,Pass,79.58000000000001
715,Student_715,4.1,50,40.1,D,Pass,42.260000000000005
716,Student_716,9.4,75,78.2,B,Pass,80.72
717,Student_717,8.5,92,43.1,D,Pass,61.260000000000005
718,Student_718,9.7,59,55.5,D,Pass,64.5
719,Student_719,2.1,79,43.6,D,Pass,46.160000000000004
720,Student_720,7.6,99,76.2,B,Pass,80.72
721,Student_721,9.4,67,81.2,B,Pass,80.92
722,Student_722,2.6,66,46.9,D,Pass,46.54
723,Student_723,1.6,75,63.0,C,Pass,56.0
724,Student_724,7.7,57,67.4,C,Pass,67.24000000000001
725,Student_725,6.2,96,69.99137749737118,C,Pass,73.5948264984227
726,Student_726,8.6,89,47.3,D,Pass,63.379999999999995
727,Student_727,2.3,98,65.1,C,Pass,63.26
728,Student_728,8.2,61,85.1,B,Pass,79.66
729,Student_729,2.8,76,69.99137749737118,C,Pass,62.79482649842271
730,Student_730,2.5,57,44.8,D,Pass,43.28
731,Student_731,2.5,74,61.3,C,Pass,56.58
732,Student_732,8.3,95,96.5,A,Pass,93.5
733,Student_733,7.0,53,80.1,B,Pass,72.66
734,Student_734,5.7,82,80.7,B,Pass,76.22000000000001
735,Student_735,4.2,50,61.7,C,Pass,55.42
736,Student_736,8.9,68,75.6,B,Pass,76.75999999999999
737,Student_737,4.5,80,40.6,D,Pass,49.36
738,Student_738,8.3,65,78.2,B,Pass,76.52000000000001
739,Student_739,5.0,63,94.8,A,Pass,79.47999999999999
740,Student_740,4.4,97,76.8,B,Pass,74.28
741,Student_741,5.2,54,92.4,A,Pass,76.64000000000001
742,Student_742,3.7,90,83.4,B,Pass,75.44
743,Student_743,7.7,75,47.2,D,Pass,58.72
744,Student_744,5.5,77,94.1,A,Pass,82.86
745,Student_745,3.1,51,44.0,D,Pass,42.800000000000004
746,Student_746,9.1,99,72.0,C,Pass,81.2
747,Student_747,4.5,55,48.5,D,Pass,49.099999999999994
748,Student_748,5.9,58,40.7,D,Pass,47.82000000000001
749,Student_749,9.2,82,65.3,C,Pass,73.97999999999999
750,Student_750,6.6,90,57.7,D,Pass,65.82
751,Student_751,2.1,74,69.2,C,Pass,60.52000000000001
752,Student_752,9.5,97,74.6,C,Pass,83.16
753,Student_753,6.6,62,42.6,D,Pass,51.16
754,Student_754,4.0,58,47.4,D,Pass,48.04
755,Student_755,2.3,62,73.5,C,Pass,61.1
756,Student_756,8.1,80,60.6,C,Pass,68.56
757,Student_757,6.6,90,83.8,B,Pass,81.48
758,Student_758,5.8,60,79.1,B,Pass,71.05999999999999
759,Student_759,9.0,53,90.7,A,Pass,83.02000000000001
760,Student_760,8.1,83,81.5,B,Pass,81.7
761,Student_761,2.4,87,65.8,C,Pass,61.67999999999999
762,Student_762,3.8,95,80.4,B,Pass,74.84
763,Student_763,3.2,53,56.5,D,Pass,50.9
764,Student_764,7.7,87,58.4,D,Pass,67.84
765,Student_765,1.3,68,87.3,B,Pass,68.57999999999998
766,Student_766,6.1,55,66.8,C,Pass,63.28
767,Student_767,7.9,83,87.9,B,Pass,85.14
768,Student_768,8.9,67,89.3,B,Pass,84.78
769,Student_769,4.1,62,91.5,A,Pass,75.5
770,Student_770,8.4,90,95.0,A,Pass,91.8
771,Student_771,2.0,72,65.9,C,Pass,57.94
772,Student_772,8.6,68,59.1,D,Pass,66.26
773,Student_773,2.1,94,74.9,C,Pass,67.94000000000001
774,Student_774,4.6,60,62.3,C,Pass,58.58
775,Student_775,8.2,50,76.1,B,Pass,72.06
776,Student_776,2.3,73,82.3,B,Pass,68.58
777,Student_777,3.1,56,81.3,B,Pass,66.17999999999999
778,Student_778,7.5,74,62.5,C,Pass,67.3
779,Student_779,7.5,70,50.0,D,Pass,59.0
780,Student_780,6.8,64,65.8,C,Pass,65.88
781,Student_781,7.2,50,48.6,D,Pass,53.559999999999995
782,Student_782,5.9,61,93.4,A,Pass,80.03999999999999
783,Student_783,3.3,56,60.8,C,Pass,54.28
784,Student_784,4.1,64,49.3,D,Pass,50.58
785,Student_785,2.6,70,41.5,D,Pass,44.1
786,Student_786,9.2,68,78.7,B,Pass,79.22
787,Student_787,6.3,78,78.2,B,Pass,75.12
788,Student_788,4.6,74,60.4,C,Pass,60.239999999999995
789,Student_789,5.2,82,44.3,D,Pass,53.38
790,Student_790,9.5,98,64.6,C,Pass,77.36
791,Student_791,2.4,81,58.7,D,Pass,56.22
792,Student_792,6.3,98,80.6,B,Pass,80.55999999999999
793,Student_793,5.6,84,76.3,B,Pass,73.78
794,Student_794,6.5,93,61.9,C,Pass,68.74000000000001
795,Student_795,1.2,87,53.1,D,Pass,51.660000000000004
796,Student_796,8.8,75,99.3,A,Pass,92.18
797,Student_797,9.4,60,67.2,C,Pass,71.12
798,Student_798,6.1,84,81.3,B,Pass,77.78
799,Student_799,7.3,57,48.4,D,Pass,55.04
800,Student_800,9.3,95,69.1,C,Pass,79.06
801,Student_801,7.4,63,41.7,D,Pass,52.42
802,Student_802,2.4,59,70.3,C,Pass,58.78
803,Student_803,6.2,51,97.8,A,Pass,81.28
804,Student_804,6.5,95,63.1,C,Pass,69.86
805,Student_805,4.8,58,42.3,D,Pass,46.580000000000005
806,Student_806,7.6,52,41.9,D,Pass,50.739999999999995
807,Student_807,9.4,70,63.3,C,Pass,70.78
808,Student_808,9.3,75,49.6,D,Pass,63.36
809,Student_809,5.1,57,41.4,D,Pass,46.44
810,Student_810,2.0,97,85.4,B,Pass,74.64
811,Student_811,9.9,51,67.5,C,Pass,70.5
812,Student_812,8.6,55,57.4,D,Pass,62.64
813,Student_813,2.1,77,94.0,A,Pass,76.0
814,Student_814,9.3,78,47.0,D,Pass,62.4
815,Student_815,8.8,75,97.4,A,Pass,91.03999999999999
816,Student_816,5.7,74,58.8,D,Pass,61.48
817,Student_817,6.3,61,93.3,A,Pass,80.77999999999999
818,Student_818,4.6,54,76.2,B,Pass,65.72
819,Student_819,1.5,83,69.99137749737118,C,Pass,61.594826498422705
820,Student_820,4.0,97,99.0,A,Pass,86.8
821,Student_821,8.2,86,57.3,D,Pass,67.97999999999999
822,Student_822,1.0,64,97.7,A,Pass,73.42
823,Student_823,4.0,93,63.4,C,Pass,64.64
824,Student_824,4.6,85,63.1,C,Pass,64.06
825,Student_825,5.8,64,60.4,C,Pass,60.63999999999999
826,Student_826,9.3,92,72.5,C,Pass,80.5
827,Student_827,4.1,97,49.2,D,Pass,57.120000000000005
828,Student_828,4.1,72,69.99137749737118,C,Pass,64.5948264984227
829,Student_829,7.6,55,72.5,C,Pass,69.7
830,Student_830,5.1,95,85.7,B,Pass,80.62
831,Student_831,3.0,99,90.0,A,Pass,79.8
832,Student_832,5.1,93,69.99137749737118,C,Pass,70.79482649842271
833,Student_833,2.3,92,58.1,D,Pass,57.86000000000001
834,Student_834,2.6,94,55.6,D,Pass,57.36
835,Student_835,5.5,70,51.7,D,Pass,56.019999999999996
836,Student_836,4.8,72,43.5,D,Pass,50.1
837,Student_837,9.2,92,60.5,C,Pass,73.1
838,Student_838,4.3,65,56.2,D,Pass,55.32
839,Student_839,6.2,96,98.0,A,Pass,90.4
840,Student_840,6.7,64,73.5,C,Pass,70.30000000000001
841,Student_841,1.1,74,60.8,C,Pass,53.480000000000004
842,Student_842,7.0,85,74.8,C,Pass,75.88
843,Student_843,2.6,60,48.4,D,Pass,46.24
844,Student_844,9.6,100,66.6,C,Pass,79.16
845,Student_845,2.3,64,77.6,B,Pass,63.96
846,Student_846,4.7,53,69.3,C,Pass,61.58
847,Student_847,1.8,70,64.1,C,Pass,56.059999999999995
848,Student_848,10.0,62,99.6,A,Pass,92.16
849,Student_849,5.5,71,92.8,A,Pass,80.88
850,Student_850,6.4,68,69.99137749737118,C,Pass,68.3948264984227
851,Student_851,1.6,83,74.2,C,Pass,64.32000000000001
852,Student_852,7.7,63,77.2,B,Pass,74.32000000000001
853,Student_853,2.9,53,52.1,D,Pass,47.66
854,Student_854,9.1,97,63.7,C,Pass,75.82000000000001
855,Student_855,2.8,95,42.4,D,Pass,50.04
856,Student_856,2.7,76,68.5,C,Pass,61.7
857,Student_857,1.3,78,72.6,C,Pass,61.76
858,Student_858,5.2,96,53.7,D,Pass,61.82
859,Student_859,6.1,77,97.8,A,Pass,86.28
860,Student_860,1.6,84,94.6,A,Pass,76.76
861,Student_861,8.0,57,83.3,B,Pass,77.38
862,Student_862,5.1,65,72.0,C,Pass,66.39999999999999
863,Student_863,5.7,91,92.2,A,Pass,84.92
864,Student_864,5.0,85,47.8,D,Pass,55.67999999999999
865,Student_865,4.6,79,87.4,B,Pass,77.44000000000001
866,Student_866,6.0,67,47.5,D,Pass,53.9
867,Student_867,2.4,51,87.7,B,Pass,67.62
868,Student_868,2.6,98,56.5,D,Pass,58.7
869,Student_869,8.8,62,92.6,A,Pass,85.56
870,Student_870,9.5,53,96.6,A,Pass,87.56
871,Student_871,4.4,75,48.9,D,Pass,53.14
872,Student_872,3.4,74,67.8,C,Pass,62.28
873,Student_873,6.8,79,98.9,A,Pass,88.74
874,Student_874,4.7,60,69.0,C,Pass,62.8
875,Student_875,1.2,56,91.8,A,Pass,68.68
876,Student_876,2.4,80,69.99137749737118,C,Pass,62.7948264984227
877,Student_877,7.4,93,62.5,C,Pass,70.9
878,Student_878,6.9,59,57.1,D,Pass,59.86
879,Student_879,1.2,88,52.2,D,Pass,51.32
880,Student_880,3.0,62,85.7,B,Pass,69.82
881,Student_881,3.1,80,63.2,C,Pass,60.120000000000005
882,Student_882,7.0,56,70.7,C,Pass,67.62
883,Student_883,1.2,98,69.5,C,Pass,63.699999999999996
884,Student_884,1.9,91,74.6,C,Pass,66.75999999999999
885,Student_885,8.2,91,91.9,A,Pass,89.74000000000001
886,Student_886,2.6,85,98.8,A,Pass,81.48
887,Student_887,6.9,69,64.5,C,Pass,66.3
888,Student_888,3.1,53,89.7,B,Pass,70.62
889,Student_889,1.9,56,69.99137749737118,C,Pass,56.994826498422704
890,Student_890,3.2,50,74.4,C,Pass,61.04
891,Student_891,7.5,93,97.4,A,Pass,92.03999999999999
892,Student_892,8.7,94,52.0,D,Pass,67.4
893,Student_893,8.5,91,46.6,D,Pass,63.16
894,Student_894,4.6,96,91.2,A,Pass,83.12
895,Student_895,7.0,62,66.3,C,Pass,66.17999999999999
896,Student_896,2.8,71,90.8,A,Pass,74.27999999999999
897,Student_897,3.6,70,93.6,A,Pass,77.36
898,Student_898,9.1,71,43.7,D,Pass,58.620000000000005
899,Student_899,1.1,77,93.0,A,Pass,73.4
900,Student_900,1.8,58,66.9,C,Pass,55.34
901,Student_901,2.9,75,70.6,C,Pass,63.15999999999999
902,Student_902,1.2,58,77.6,B,Pass,60.559999999999995
903,Student_903,2.6,64,95.6,A,Pass,75.36
904,Student_904,6.2,59,41.1,D,Pass,48.86
905,Student_905,4.8,73,68.6,C,Pass,65.36
906,Student_906,9.0,91,69.99137749737118,C,Pass,78.1948264984227
907,Student_907,8.4,57,83.4,B,Pass,78.24
908,Student_908,4.1,73,81.6,B,Pass,71.75999999999999
909,Student_909,3.3,65,48.1,D,Pass,48.46
910,Student_910,4.4,98,58.0,D,Pass,63.2
911,Student_911,6.3,75,69.99137749737118,C,Pass,69.5948264984227
912,Student_912,3.4,76,88.3,B,Pass,74.97999999999999
913,Student_913,6.6,86,56.7,D,Pass,64.42
914,Student_914,4.7,53,52.6,D,Pass,51.559999999999995
915,Student_915,6.0,99,97.4,A,Pass,90.24
916,Student_916,4.9,73,40.5,D,Pass,48.7
917,Student_917,3.7,68,69.99137749737118,C,Pass,62.994826498422704
918,Student_918,9.5,85,80.6,B,Pass,84.35999999999999
919,Student_919,7.9,88,89.7,B,Pass,87.22
920,Student_920,2.3,59,57.7,D,Pass,51.02
921,Student_921,8.8,74,40.9,D,Pass,56.940000000000005
922,Student_922,5.4,67,84.3,B,Pass,74.78
923,Student_923,9.1,68,69.99137749737118,C,Pass,73.79482649842271
924,Student_924,8.2,85,84.4,B,Pass,84.03999999999999
925,Student_925,4.8,59,69.99137749737118,C,Pass,63.39482649842271
926,Student_926,1.2,82,85.2,B,Pass,69.92
927,Student_927,3.4,99,86.1,B,Pass,78.25999999999999
928,Student_928,5.9,54,79.5,B,Pass,70.3
929,Student_929,6.7,96,69.99137749737118,C,Pass,74.5948264984227
930,Student_930,3.3,98,90.8,A,Pass,80.67999999999999
931,Student_931,2.3,84,76.8,B,Pass,67.47999999999999
932,Student_932,8.5,93,45.3,D,Pass,62.78
933,Student_933,9.9,83,69.3,C,Pass,77.98
934,Student_934,5.7,82,44.7,D,Pass,54.62
935,Student_935,2.5,70,64.5,C,Pass,57.699999999999996
936,Student_936,3.5,66,64.4,C,Pass,58.84
937,Student_937,1.2,71,44.0,D,Pass,43.0
938,Student_938,9.2,97,60.9,C,Pass,74.34
939,Student_939,2.1,86,46.7,D,Pass,49.42
940,Student_940,6.2,64,88.5,B,Pass,78.30000000000001
941,Student_941,3.5,84,96.9,A,Pass,81.94
942,Student_942,6.0,77,44.3,D,Pass,53.98
943,Student_943,6.9,56,97.3,A,Pass,83.38
944,Student_944,8.5,81,71.4,C,Pass,76.04
945,Student_945,2.9,60,58.0,D,Pass,52.599999999999994
946,Student_946,1.1,59,44.6,D,Pass,40.760000000000005
947,Student_947,2.2,58,70.0,C,Pass,58.0
948,Student_948,9.1,63,87.7,B,Pass,83.42
949,Student_949,8.9,62,82.4,B,Pass,79.64
950,Student_950,6.4,74,43.0,D,Pass,53.400000000000006
951,Student_951,6.4,51,69.99137749737118,C,Pass,64.99482649842271
952,Student_952,7.0,84,64.2,C,Pass,69.32000000000001
953,Student_953,2.6,56,57.7,D,Pass,51.02
954,Student_954,9.2,70,53.9,D,Pass,64.74
955,Student_955,4.8,67,56.9,D,Pass,57.14
956,Student_956,4.4,52,88.2,B,Pass,72.12
957,Student_957,5.7,91,95.8,A,Pass,87.08
958,Student_958,1.4,88,64.3,C,Pass,58.98
959,Student_959,2.5,90,94.4,A,Pass,79.64
960,Student_960,7.6,98,59.3,D,Pass,70.38
961,Student_961,1.7,60,68.6,C,Pass,56.559999999999995
962,Student_962,6.4,88,53.6,D,Pass,62.56
963,Student_963,3.2,73,78.4,B,Pass,68.04
964,Student_964,4.5,95,98.7,A,Pass,87.22
965,Student_965,3.6,68,76.2,B,Pass,66.52
966,Student_966,4.2,53,61.5,C,Pass,55.9
967,Student_967,7.5,75,78.9,B,Pass,77.34
968,Student_968,3.7,87,47.4,D,Pass,53.24
969,Student_969,6.1,91,93.3,A,Pass,86.38
970,Student_970,5.3,81,70.2,C,Pass,68.91999999999999
971,Student_971,7.0,88,67.0,C,Pass,71.8
972,Student_972,9.4,94,69.99137749737118,C,Pass,79.5948264984227
973,Student_973,7.6,95,77.5,B,Pass,80.7
974,Student_974,2.9,85,44.3,D,Pass,49.379999999999995
975,Student_975,1.3,89,81.0,B,Pass,69.0
976,Student_976,3.4,86,54.5,D,Pass,56.69999999999999
977,Student_977,6.4,82,82.8,B,Pass,78.88
978,Student_978,1.5,85,89.4,B,Pass,73.64
979,Student_979,5.5,52,88.2,B,Pass,74.32
980,Student_980,6.4,58,73.2,C,Pass,68.32000000000001
981,Student_981,4.0,57,71.2,C,Pass,62.12
982,Student_982,7.9,82,48.6,D,Pass,61.36
983,Student_983,2.0,55,86.5,B,Pass,66.9
984,Student_984,1.7,90,56.3,D,Pass,55.17999999999999
985,Student_985,7.6,88,69.8,C,Pass,74.67999999999999
986,Student_986,5.5,53,57.1,D,Pass,55.86
987,Student_987,7.2,62,69.99137749737118,C,Pass,68.79482649842271
988,Student_988,4.9,98,77.8,B,Pass,76.08
989,Student_989,3.2,51,43.3,D,Pass,42.58
990,Student_990,8.4,54,84.9,B,Pass,78.54
991,Student_991,8.2,93,59.1,D,Pass,70.46000000000001
992,Student_992,7.3,76,40.0,D,Pass,53.800000000000004
993,Student_993,3.4,81,70.7,C,Pass,65.42
994,Student_994,6.3,70,42.8,D,Pass,52.279999999999994
995,Student_995,4.2,57,56.6,D,Pass,53.76
996,Student_996,1.8,87,82.4,B,Pass,70.44
997,Student_997,9.3,57,43.8,D,Pass,56.28
998,Student_998,2.2,99,90.4,A,Pass,78.44000000000001
999,Student_999,9.6,52,40.2,D,Pass,53.72
1000,Student_1000,5.0,93,54.8,D,Pass,61.48
